<?xml version="1.0"?>
<scales>
	<scale>
		<name>Chromatic</name>
		<semitones>
			<semitone>1</semitone>
			<semitone>1</semitone>
			<semitone>1</semitone>
			<semitone>1</semitone>
			<semitone>1</semitone>
			<semitone>1</semitone>
			<semitone>1</semitone>
			<semitone>1</semitone>
			<semitone>1</semitone>
			<semitone>1</semitone>
			<semitone>1</semitone>
			<semitone>1</semitone>
		</semitones>
	</scale>
	<scale>
		<name>Major</name>
		<semitones>
			<semitone>2</semitone>
			<semitone>2</semitone>
			<semitone>1</semitone>
			<semitone>2</semitone>
			<semitone>2</semitone>
			<semitone>2</semitone>
			<semitone>1</semitone>
		</semitones>
	</scale>
	<scale>
		<name>Minor</name>
		<semitones>
			<semitone>2</semitone>
			<semitone>1</semitone>
			<semitone>2</semitone>
			<semitone>2</semitone>
			<semitone>2</semitone>
			<semitone>1</semitone>
			<semitone>2</semitone>
		</semitones>
	</scale>
	<scale>
		<name>Pentatonic</name>
		<semitones>
			<semitone>3</semitone>
			<semitone>1</semitone>
			<semitone>3</semitone>
			<semitone>2</semitone>
			<semitone>1</semitone>
			<semitone>2</semitone>
		</semitones>
	</scale>
</scales>
