<?xml version="1.0"?>
<instrument>
	<properties>
		<name>Default Instrument</name>
		<device>passthrough_in</device>
		<channel>0</channel>
		<program>1</program>
		<timbre>poly</timbre>
		<noteMappings>note</noteMappings>
	</properties>
	<parameters>
		<note>
			<min>C0</min>
			<max>G10</max>
			<source>blobX</source>
		</note>
		<cc>
			<channel>1</channel>
			<source>blobY</source>
		</cc>
		<cc>
			<channel>16</channel>
			<source>curvature</source>
		</cc>
		<cc>
			<channel>17</channel>
			<source>area</source>
		</cc>
		<cc>
			<channel>18</channel>
			<source>intensity</source>
		</cc>
	</parameters>

</instrument>

