<?xml version="1.0"?>
<instrument>
	<properties>
		<name>reason_pad</name>
		<device>passthrough_out</device>
		<channel>5</channel>
		<program>0</program>
		<timbre>poly</timbre>
		<noteMappings>note</noteMappings>
		<colourR>1.0</colourR>
		<colourG>1.0</colourG>
		<colourB>1.0</colourB>
		<usesCCNoteTriggers>false</usesCCNoteTriggers>
	</properties>
	<parameters>
		<note>
			<min>35</min>
			<max>80</max>
			<source>blobY</source>
		</note>
		<cc>
			<channel>71</channel>
			<source>area</source>
			<min>0</min>
			<max>256</max>
		</cc>
	</parameters>
</instrument>