<?xml version="1.0"?>
<instrument>
	<properties>
		<name>TalkFilter</name>
		<device>KP3 SOUND</device>
		<channel>3</channel>
		<program>20</program>
		<timbre>mono</timbre>
		<noteMappings>cc</noteMappings>
		<usesCCNoteTriggers>true</usesCCNoteTriggers>
	</properties>
	<parameters>
		<cc>
			<channel>92</channel>
			<source>noteOn</source>
			<value>127</value>
			<min>0</min>
			<max>127</max>
		</cc>
		<cc>
			<channel>92</channel>
			<source>noteOff</source>
			<value>0</value>
			<min>0</min>
			<max>127</max>
		</cc>
		<cc>
			<channel>12</channel>
			<source>blobX</source>
			<min>0</min>
			<max>127</max>
		</cc>
		<cc>
			<channel>13</channel>
			<source>blobY</source>
			<min>0</min>
			<max>127</max>
		</cc>
	</parameters>
</instrument>